Scenario,Classifier,Brier_High
A,Logistic Regression,0.11686125160336056
A,Decision Tree,0.10695886617170594
A,Random Forest,0.07944045516662349
A,XGBoost,0.07460781186819077
B,Logistic Regression,0.0914859270242635
B,Decision Tree,0.09165153298891872
B,Random Forest,0.07807891455702469
B,XGBoost,0.06308984756469727
C,Logistic Regression,0.2149495926997595
C,Decision Tree,0.24143135847993152
C,Random Forest,0.23221817244674897
C,XGBoost,0.24217098951339722
